Activity,time,seconds_elapsed,qz,qy,qx,qw,roll,pitch,yaw
Classroom,1.77575E+18,0.946102295,0.1487443,0.015392335,0.025402449,0.988429606,0.022907959,-0.05482357,-0.298101336
Classroom,1.77575E+18,3.038660645,0.927881122,0.034016777,-0.002225164,0.371314585,0.029451177,-0.061513364,-2.379372597
Classroom,1.77575E+18,5.131249756,0.926567495,0.033088595,0.002525701,0.374661922,0.020155275,-0.063252375,-2.372445583
Classroom,1.77575E+18,7.224018066,0.918877661,0.032479946,-0.00013691,0.393203646,0.025842858,-0.059617836,-2.33214426
Classroom,1.77575E+18,9.316515381,0.508915126,-0.395187229,0.318605721,0.695214272,-1.064389586,-0.040776286,-1.287810802
Classroom,1.77575E+18,11.40898193,-0.405048668,0.449118018,-0.747662067,0.274281055,-2.538212538,0.885084331,-2.352557898
Classroom,1.77575E+18,13.50144873,-0.333863705,0.326569498,-0.814717889,0.343689114,-2.607947826,0.891601443,-2.638916731
Classroom,1.77575E+18,15.59348779,-0.332207501,0.318188697,-0.817423761,0.346717,-2.602327108,0.891856253,-2.661874294
Classroom,1.77575E+18,17.68522217,-0.33226192,0.317106515,-0.817865849,0.346613556,-2.600748539,0.890985429,-2.665046215
Classroom,1.77575E+18,19.77736255,-0.332344145,0.317017287,-0.818052769,0.346175104,-2.600341082,0.890039623,-2.665279388
Classroom,1.77575E+18,21.86958301,-0.331940323,0.315526098,-0.818679631,0.346442759,-2.599634171,0.889445961,-2.669123173
Classroom,1.77575E+18,23.96162036,-0.332317203,0.316459537,-0.818318367,0.346083522,-2.599689484,0.88947767,-2.666824341
Classroom,1.77575E+18,26.05326147,-0.332913131,0.3161304,-0.818061471,0.346418917,-2.597542286,0.890318036,-2.668679237
Classroom,1.77575E+18,28.14520752,-0.332214028,0.316210002,-0.818476856,0.346035749,-2.599666119,0.889160872,-2.667390585
Classroom,1.77575E+18,30.23709229,-0.33336705,0.315819412,-0.818063438,0.346261144,-2.595784426,0.890036583,-2.670135736
Classroom,1.77575E+18,32.32897729,-0.333392084,0.314296007,-0.818316579,0.347024262,-2.593816519,0.89071095,-2.674809456
Classroom,1.77575E+18,34.42089282,-0.332568407,0.312367439,-0.819240868,0.347375125,-2.593797684,0.889782548,-2.679367065
Classroom,1.77575E+18,36.51268628,-0.332575113,0.312326819,-0.819248557,0.347386807,-2.593726397,0.889785171,-2.679496765
Classroom,1.77575E+18,38.60472388,-0.332930714,0.312801778,-0.819011927,0.34717682,-2.59326911,0.889832914,-2.678539276
Classroom,1.77575E+18,40.69679199,-0.333745509,0.31474942,-0.818246543,0.34643814,-2.593304157,0.889943302,-2.67378521
Classroom,1.77575E+18,42.78873804,-0.334346056,0.316852033,-0.817670465,0.345300496,-2.594129562,0.889188111,-2.668164968
Classroom,1.77575E+18,44.88040967,-0.334716976,0.317756802,-0.817350805,0.344866365,-2.59415555,0.889045775,-2.665916204
Classroom,1.77575E+18,46.97180615,-0.335366964,0.318620563,-0.816850722,0.34462297,-2.5933249,0.889442384,-2.664220333
Classroom,1.77575E+18,49.06378076,-0.335705698,0.318600833,-0.816800237,0.344430745,-2.592279673,0.889210343,-2.664669514
Classroom,1.77575E+18,51.15600073,-0.336496502,0.320172817,-0.81612438,0.343802989,-2.591903448,0.889324009,-2.660997152
Classroom,1.77575E+18,53.24834277,-0.33635214,0.32033509,-0.816198111,0.343618125,-2.592517614,0.888952136,-2.660277367
Classroom,1.77575E+18,55.34044043,-0.336827874,0.319235861,-0.816078842,0.344457269,-2.589786768,0.890304923,-2.664354324
Classroom,1.77575E+18,57.43244678,-0.336115837,0.31869185,-0.816478431,0.344709784,-2.591214895,0.890094101,-2.665048122
Classroom,1.77575E+18,59.52484961,-0.335863292,0.318609655,-0.816599071,0.344746023,-2.591858625,0.889976859,-2.664957523
Classroom,1.77575E+18,61.6171001,-0.336080968,0.318519354,-0.81651473,0.344816864,-2.591106176,0.890192211,-2.665533066
Classroom,1.77575E+18,63.70935034,-0.33628583,0.31812042,-0.816545606,0.344912589,-2.589996338,0.890255511,-2.66699028
Classroom,1.77575E+18,65.80147876,-0.335486561,0.317618847,-0.817090452,0.34486255,-2.591706514,0.889380276,-2.66734457
Classroom,1.77575E+18,67.89354565,-0.334553599,0.31568262,-0.817849815,0.345745862,-2.592055321,0.88950783,-2.671956778
Classroom,1.77575E+18,69.98555225,-0.332828373,0.311000764,-0.819499433,0.347741932,-2.591300011,0.889835775,-2.683771372
Classroom,1.77575E+18,72.07708521,-0.333221585,0.311534375,-0.819206297,0.347578615,-2.590810299,0.890040398,-2.682713032
Classroom,1.77575E+18,74.1690293,-0.333284408,0.312275499,-0.819040298,0.347244203,-2.591552019,0.889833748,-2.680552483
Classroom,1.77575E+18,76.26094312,-0.334041983,0.313715816,-0.818457186,0.346592158,-2.591111183,0.889775157,-2.677210569
Classroom,1.77575E+18,78.35307056,-0.335384697,0.316958398,-0.817265332,0.345154971,-2.591186285,0.889524519,-2.669205904
Classroom,1.77575E+18,80.44486255,-0.335601211,0.317650259,-0.817064703,0.344783306,-2.591400862,0.889295518,-2.66738224
Classroom,1.77575E+18,82.53727246,-0.336082131,0.318987578,-0.816620409,0.344132364,-2.591635704,0.889033437,-2.663964033
Classroom,1.77575E+18,84.62952148,-0.336416334,0.320074767,-0.816303134,0.343548477,-2.591985703,0.888673544,-2.661091566
Classroom,1.77575E+18,86.72137329,-0.336335689,0.320113629,-0.816363215,0.343448222,-2.592262268,0.88843894,-2.660839796
Classroom,1.77575E+18,88.81343872,-0.336594462,0.319735587,-0.816270649,0.343766838,-2.591047764,0.889022291,-2.662377357
Classroom,1.77575E+18,90.90587061,-0.336235464,0.319351315,-0.816334963,0.344322085,-2.591671467,0.889756978,-2.663181782
Classroom,1.77575E+18,92.99830225,-0.33559531,0.318161726,-0.816874862,0.344767064,-2.592074633,0.88958472,-2.665895462
Classroom,1.77575E+18,95.09030933,-0.335599154,0.318104416,-0.816884995,0.344792426,-2.591992378,0.88960439,-2.666074276
Classroom,1.77575E+18,97.18246655,-0.336455613,0.318115711,-0.816619754,0.344575405,-2.589455843,0.88962841,-2.667120934
Classroom,1.77575E+18,99.27437988,-0.335475683,0.315560162,-0.817535877,0.345706493,-2.589168787,0.889854968,-2.673537016
Classroom,1.77575E+18,101.3661707,-0.335610956,0.316219777,-0.817337275,0.345441997,-2.589593887,0.889788866,-2.671731949
Classroom,1.77575E+18,103.4580837,-0.335325152,0.316465735,-0.817447424,0.345233738,-2.590736151,0.889344037,-2.670570135
Classroom,1.77575E+18,105.5497869,-0.335327268,0.316437304,-0.817492604,0.34515056,-2.590685368,0.889149547,-2.670627117
Classroom,1.77575E+18,107.6417908,-0.335540712,0.316705585,-0.817381263,0.34496066,-2.590382099,0.889034986,-2.670078754
Classroom,1.77575E+18,109.7334585,-0.335317165,0.316848785,-0.817404807,0.34499076,-2.591228962,0.889066577,-2.669376612
Classroom,1.77575E+18,111.8250654,-0.33573547,0.317964464,-0.816976964,0.344570577,-2.59138751,0.889118016,-2.666588068
Classroom,1.77575E+18,113.9167332,-0.335269272,0.316521734,-0.817437649,0.345259875,-2.590975523,0.889404595,-2.670342684
Classroom,1.77575E+18,116.0085049,-0.335544795,0.317037404,-0.817232311,0.345004708,-2.590800524,0.889343679,-2.669143915
Classroom,1.77575E+18,118.1002952,-0.335216969,0.31617409,-0.817564845,0.345328003,-2.590689421,0.88929832,-2.671295404
Classroom,1.77575E+18,120.1921467,-0.335495949,0.316942424,-0.817270041,0.345050067,-2.590826988,0.889352381,-2.669366598
Classroom,1.77575E+18,122.2841204,-0.335674167,0.317431748,-0.81709975,0.344830334,-2.590909004,0.889296651,-2.668124914
Classroom,1.77575E+18,124.3765818,-0.335572422,0.317755908,-0.81706208,0.344720125,-2.591615438,0.88921237,-2.66701889
Classroom,1.77575E+18,126.4688303,-0.335470319,0.317529649,-0.817204893,0.344689459,-2.591622829,0.888945103,-2.667523384
Classroom,1.77575E+18,128.5609136,-0.335670173,0.318279445,-0.816924214,0.344468355,-2.591974735,0.889065027,-2.665560007
Classroom,1.77575E+18,130.6531929,-0.33648634,0.320279062,-0.816198647,0.343537539,-2.592040777,0.888820469,-2.660592794
Classroom,1.77575E+18,132.745228,-0.336852491,0.321152538,-0.815870047,0.343143821,-2.592041254,0.888748705,-2.658439875
Classroom,1.77575E+18,134.8371108,-0.336692423,0.320636153,-0.81603092,0.343400925,-2.59187746,0.888874829,-2.659795761
Classroom,1.77575E+18,136.9291458,-0.336467773,0.319735557,-0.816292882,0.343837917,-2.591428995,0.889102101,-2.662230253
Classroom,1.77575E+18,139.0209978,-0.335960716,0.318305105,-0.816836536,0.344369382,-2.59114027,0.889033377,-2.665843487
Classroom,1.77575E+18,141.1128806,-0.335846394,0.317887694,-0.816946745,0.344604999,-2.590964556,0.889204383,-2.666969061
Classroom,1.77575E+18,143.2050684,-0.334853977,0.316041619,-0.81771481,0.34544614,-2.591601849,0.889264286,-2.671227932
Classroom,1.77575E+18,145.2975308,-0.334856659,0.315952629,-0.817792475,0.345341057,-2.591470242,0.88898474,-2.671452761
Classroom,1.77575E+18,147.3898101,-0.334264338,0.314509273,-0.818332613,0.345952541,-2.591420412,0.889039695,-2.67501235
Classroom,1.77575E+18,149.4817915,-0.335828841,0.317274868,-0.817108393,0.344803572,-2.590247869,0.889225304,-2.66877532
Classroom,1.77575E+18,151.5738567,-0.33550337,0.316401362,-0.817438602,0.345140219,-2.59011817,0.889202118,-2.670963764
Classroom,1.77575E+18,153.6663188,-0.336221874,0.317923039,-0.816742957,0.344689459,-2.589909554,0.889617145,-2.667399645
Classroom,1.77575E+18,155.7589028,-0.33619526,0.318346798,-0.816655457,0.344531775,-2.590518236,0.88953793,-2.666091442
Classroom,1.77575E+18,157.8512427,-0.33496812,0.315632582,-0.817768097,0.34558332,-2.590751648,0.889358342,-2.672604084
Classroom,1.77575E+18,159.9436436,-0.334171325,0.314333022,-0.818392396,0.34606117,-2.591478109,0.889107704,-2.675430536
Classroom,1.77575E+18,162.0359224,-0.334423184,0.315295637,-0.818120658,0.345584035,-2.591928244,0.888843358,-2.672841072
Classroom,1.77575E+18,164.1283235,-0.334725857,0.315668494,-0.817858279,0.345571578,-2.591512203,0.889222205,-2.672170877
Classroom,1.77575E+18,166.220175,-0.334951133,0.315604538,-0.817879617,0.345361561,-2.590746164,0.88885814,-2.672587872
Classroom,1.77575E+18,168.3122708,-0.334937543,0.315452129,-0.817813575,0.345669866,-2.590617657,0.889410377,-2.673110962
Classroom,1.77575E+18,170.4046648,-0.335808158,0.317256331,-0.817148626,0.344745666,-2.590279818,0.889078498,-2.668781996
Classroom,1.77575E+18,172.497126,-0.335827112,0.317128032,-0.817148328,0.344845802,-2.590068579,0.889220178,-2.669209719
Classroom,1.77575E+18,174.589679,-0.33596462,0.317380428,-0.816989601,0.344856024,-2.589987755,0.88948071,-2.668671608
Classroom,1.77575E+18,176.6822927,-0.335490704,0.316583365,-0.817377806,0.345129669,-2.590388536,0.88928926,-2.670419455
Classroom,1.77575E+18,178.7747234,-0.335445136,0.316577017,-0.817461073,0.344982624,-2.590501547,0.888946474,-2.670327663
Classroom,1.77575E+18,180.8673677,-0.336694807,0.318923831,-0.816517234,0.343836963,-2.589715481,0.888707578,-2.664872646
Classroom,1.77575E+18,182.9587458,-0.336570293,0.319055289,-0.816512704,0.343847483,-2.590252638,0.888744295,-2.664330482
Classroom,1.77575E+18,185.0509023,-0.335984051,0.317240387,-0.8170892,0.344729841,-2.589738607,0.889132619,-2.6690588
Classroom,1.77575E+18,187.1431812,-0.335889935,0.316963017,-0.817196369,0.344822675,-2.589668989,0.889100134,-2.669761419
Classroom,1.77575E+18,189.235582,-0.336022884,0.317221284,-0.817170858,0.34451586,-2.589579344,0.888685763,-2.669094801
Classroom,1.77575E+18,191.3280134,-0.336216897,0.317287982,-0.817055464,0.34453851,-2.589093924,0.888884783,-2.669170618
Classroom,1.77575E+18,193.4202615,-0.335617751,0.316505373,-0.817436814,0.34493804,-2.589895725,0.888901234,-2.670750856
Classroom,1.77575E+18,195.5124485,-0.336145639,0.317449182,-0.817001045,0.344588876,-2.589516163,0.889056087,-2.668627977
Classroom,1.77575E+18,197.6045442,-0.336139321,0.317409158,-0.817029834,0.344563454,-2.589480877,0.888972521,-2.668726206
Classroom,1.77575E+18,199.6964871,-0.336063981,0.317332149,-0.817007303,0.344761521,-2.589623213,0.889303565,-2.668912411
Classroom,1.77575E+18,201.7887659,-0.33667317,0.319031328,-0.816448569,0.343921334,-2.589926004,0.888944149,-2.66456151
Classroom,1.77575E+18,203.8810076,-0.335994422,0.317631632,-0.817099035,0.344335884,-2.590172768,0.888549507,-2.667816639
Classroom,1.77575E+18,205.9734387,-0.335740358,0.31738925,-0.817314029,0.344296902,-2.590607882,0.888169229,-2.668160677
Classroom,1.77575E+18,208.0658088,-0.335736871,0.317015201,-0.817336679,0.344590843,-2.590166092,0.888554037,-2.66932869
Classroom,1.77575E+18,210.1582708,-0.335925102,0.317412168,-0.81703645,0.34475401,-2.590135336,0.889261365,-2.668493032
Classroom,1.77575E+18,212.250946,-0.335533559,0.316561192,-0.817358732,0.345153809,-2.590235949,0.889350474,-2.670549154
Classroom,1.77575E+18,214.3434688,-0.335794479,0.317087829,-0.817194104,0.344806224,-2.590109587,0.889092028,-2.669268608
Classroom,1.77575E+18,216.4358999,-0.335763454,0.3167454,-0.817326009,0.344838411,-2.589764357,0.888923645,-2.670222759
Classroom,1.77575E+18,218.5283921,-0.335528046,0.316613197,-0.817497909,0.344781667,-2.590284824,0.888587296,-2.670268297
Classroom,1.77575E+18,220.6204573,-0.335000724,0.3151972,-0.818010569,0.34537518,-2.590078354,0.888653755,-2.673829794
Classroom,1.77575E+18,222.7130713,-0.335282594,0.315321088,-0.817886949,0.345281184,-2.589396715,0.888688028,-2.673820734
Classroom,1.77575E+18,224.8055637,-0.33501479,0.315157503,-0.81796217,0.345512152,-2.58999753,0.888927996,-2.674009085
Classroom,1.77575E+18,226.8976423,-0.335057676,0.315288424,-0.817918181,0.345455199,-2.59003377,0.888914108,-2.673671007
Classroom,1.77575E+18,228.9899199,-0.334997982,0.314553797,-0.818275571,0.345336825,-2.589259386,0.888158083,-2.675661564
Classroom,1.77575E+18,231.0822283,-0.334865928,0.312603205,-0.818609357,0.346443117,-2.587236166,0.889192939,-2.681466579
Classroom,1.77575E+18,233.1747808,-0.334322274,0.311930895,-0.818986714,0.3466824,-2.588000298,0.888976991,-2.682746887
Classroom,1.77575E+18,235.2668142,-0.33487159,0.313169092,-0.818433285,0.346342713,-2.587937117,0.889345586,-2.679814577
Classroom,1.77575E+18,237.358356,-0.333387643,0.315210223,-0.818604767,0.345516294,-2.594867468,0.888072252,-2.671675444
Classroom,1.77575E+18,239.4504504,-0.335403174,0.31747368,-0.817308068,0.344561815,-2.591736555,0.888599694,-2.66755271
Classroom,1.77575E+18,241.5424229,-0.335105211,0.317946166,-0.817411721,0.344169796,-2.593181849,0.887899041,-2.665667057
Classroom,1.77575E+18,243.6343955,-0.336895764,0.31561783,-0.817213595,0.345034301,-2.584988356,0.889241397,-2.675053835
Classroom,1.77575E+18,245.7263372,-0.335819721,0.316591948,-0.817534566,0.34442997,-2.58936429,0.887985826,-2.670603037
Classroom,1.77575E+18,247.8185605,-0.335701257,0.316460758,-0.817522764,0.344693899,-2.589570045,0.888398588,-2.670909643
Classroom,1.77575E+18,249.9107478,-0.335716397,0.316493303,-0.817521155,0.344653219,-2.58956337,0.888341129,-2.670822859
Classroom,1.77575E+18,252.0030574,-0.335391998,0.315492153,-0.817892432,0.345005721,-2.5892694,0.888270795,-2.673382998
Classroom,1.77575E+18,254.0951533,-0.334579021,0.313537389,-0.81853044,0.346062511,-2.589253426,0.888824761,-2.678265572
Classroom,1.77575E+18,256.1873713,-0.334668368,0.313246369,-0.818571687,0.346141815,-2.588622332,0.888855875,-2.67924881
Classroom,1.77575E+18,258.2797112,-0.335021466,0.314016074,-0.818265498,0.345826656,-2.588540316,0.888870418,-2.677405119
Classroom,1.77575E+18,260.3719292,-0.335103452,0.314248174,-0.818230867,0.345618397,-2.588579178,0.888620198,-2.676777363
Classroom,1.77575E+18,262.464208,-0.335188478,0.314466387,-0.818144917,0.34554106,-2.588601351,0.888642073,-2.676238537
Classroom,1.77575E+18,264.5565481,-0.336624146,0.317357063,-0.81696099,0.344301522,-2.587958574,0.888650954,-2.669439554
Classroom,1.77575E+18,266.6486135,-0.337413996,0.319146812,-0.81624043,0.343582183,-2.587853909,0.888712227,-2.665111065
Classroom,1.77575E+18,268.7404346,-0.33743155,0.319201291,-0.816220343,0.343562186,-2.587870121,0.888714552,-2.664971113
Classroom,1.77575E+18,270.8325129,-0.337437809,0.319086432,-0.816302776,0.34346664,-2.587694645,0.88844043,-2.665278435
Classroom,1.77575E+18,272.924395,-0.337277621,0.318984807,-0.816339135,0.343631923,-2.588053226,0.888637245,-2.665410757
Classroom,1.77575E+18,275.0163074,-0.337347478,0.319243282,-0.81629318,0.343432546,-2.588159323,0.888418138,-2.664694786
Classroom,1.77575E+18,277.1077927,-0.336769581,0.317743361,-0.816805422,0.34417206,-2.588012457,0.888704717,-2.668480635
Classroom,1.77575E+18,279.1992778,-0.336756676,0.317929804,-0.816835403,0.343941212,-2.588267803,0.888325512,-2.667849779
Classroom,1.77575E+18,281.2911902,-0.337124646,0.318862647,-0.816509545,0.34349072,-2.58833456,0.888171852,-2.665510893
Classroom,1.77575E+18,283.3832554,-0.336713463,0.31819585,-0.816925168,0.343524009,-2.58869648,0.887583435,-2.666888714
Classroom,1.77575E+18,285.4753203,-0.336471975,0.317920089,-0.817108274,0.343580574,-2.58906126,0.887391806,-2.667377234
Classroom,1.77575E+18,287.5671414,-0.336334199,0.317608356,-0.817193747,0.343800455,-2.589089632,0.887583137,-2.668161392
Classroom,1.77575E+18,289.6593894,-0.335615069,0.317115903,-0.817496538,0.344237655,-2.590621233,0.887797952,-2.668759108
Classroom,1.77575E+18,291.7513547,-0.335845292,0.314898431,-0.817792177,0.345344484,-2.587197542,0.888860941,-2.675813198
Classroom,1.77575E+18,293.8436948,-0.334939301,0.313255072,-0.818688989,0.345594198,-2.587792397,0.887841225,-2.67939806
Classroom,1.77575E+18,295.9359434,-0.335123062,0.314353317,-0.818352878,0.345214665,-2.588623762,0.887837648,-2.676362991
Classroom,1.77575E+18,298.0282834,-0.335111201,0.314413726,-0.818225861,0.345472187,-2.588756561,0.888419092,-2.676261902
Classroom,1.77575E+18,300.1202268,-0.334978163,0.31462428,-0.818202317,0.345464975,-2.589418411,0.888465583,-2.675476074
Classroom,1.77575E+18,302.2126377,-0.335077256,0.314581037,-0.818145394,0.345543295,-2.589076996,0.888659358,-2.675760269
Classroom,1.77575E+18,304.3048855,-0.335465372,0.315065682,-0.818007052,0.345052272,-2.588510752,0.888136685,-2.674722195
Classroom,1.77575E+18,306.3972859,-0.334736109,0.314899087,-0.818454146,0.344852358,-2.590432882,0.887202442,-2.674154758
Classroom,1.77575E+18,308.4895032,-0.335464656,0.316281289,-0.817751288,0.344546735,-2.59002471,0.887838483,-2.671058893
Classroom,1.77575E+18,310.5817815,-0.335335076,0.316044062,-0.817869246,0.34461081,-2.590109348,0.8877514,-2.671588421
Classroom,1.77575E+18,312.6737546,-0.336342961,0.318419993,-0.816907465,0.34372139,-2.59009552,0.887940407,-2.665813684
Classroom,1.77575E+18,314.7659353,-0.336029261,0.317562759,-0.817198634,0.344128788,-2.589961767,0.88808322,-2.66799283
Classroom,1.77575E+18,316.8578486,-0.335664302,0.316645503,-0.81754756,0.344501317,-2.589898109,0.888085961,-2.670264721
Classroom,1.77575E+18,318.9499446,-0.335438877,0.316075087,-0.817814767,0.344610423,-2.589842796,0.887827814,-2.67163825
Classroom,1.77575E+18,321.0421626,-0.334529757,0.314285576,-0.818586528,0.345297813,-2.590295076,0.887646139,-2.675789833
Classroom,1.77575E+18,323.1343503,-0.335383952,0.315305263,-0.818046868,0.344818354,-2.589038134,0.887747169,-2.67384553
Classroom,1.77575E+18,325.2262632,-0.33571586,0.316775799,-0.817597866,0.344211876,-2.589886189,0.887581348,-2.669862986
Classroom,1.77575E+18,327.3182375,-0.335515946,0.316483825,-0.817735016,0.344349563,-2.590114832,0.88757664,-2.670480013
Classroom,1.77575E+18,329.410364,-0.335399359,0.316477239,-0.817787051,0.344345629,-2.59044981,0.887499213,-2.67034173
Classroom,1.77575E+18,331.5027041,-0.335929871,0.317661524,-0.817332506,0.343816817,-2.590351105,0.887426317,-2.667473316
Classroom,1.77575E+18,333.5953191,-0.336482882,0.319246262,-0.816770434,0.343143404,-2.590682745,0.887317479,-2.663436174
Classroom,1.77575E+18,335.6876255,-0.334970683,0.317139357,-0.817752182,0.344236344,-2.592550278,0.887450874,-2.667829514
Classroom,1.77575E+18,337.7797515,-0.334759593,0.31353882,-0.818580985,0.345766634,-2.588698626,0.888292968,-2.678402185
Classroom,1.77575E+18,339.8719995,-0.335811794,0.31620416,-0.817600429,0.344637603,-2.588909864,0.888175189,-2.671776533
Classroom,1.77575E+18,341.9643391,-0.335424781,0.315951496,-0.817764521,0.34485665,-2.589747906,0.888265669,-2.672056913
Classroom,1.77575E+18,344.0561599,-0.335342944,0.315988839,-0.817744076,0.344950348,-2.590045691,0.888444006,-2.671871185
Classroom,1.77575E+18,346.1480417,-0.335690588,0.316486329,-0.817501068,0.344732314,-2.589637756,0.888490915,-2.67083478
Classroom,1.77575E+18,348.2401067,-0.335436434,0.316154122,-0.817684352,0.344849855,-2.589972734,0.88838768,-2.671488047
Classroom,1.77575E+18,350.3322327,-0.335404307,0.31643033,-0.817678511,0.344641358,-2.590402365,0.888102233,-2.670581341
Classroom,1.77575E+18,352.4242976,-0.334577143,0.314385295,-0.818480372,0.345412642,-2.590292215,0.887980759,-2.675606012
Classroom,1.77575E+18,354.5167288,-0.334351867,0.313910663,-0.81873256,0.345464706,-2.590354204,0.887664557,-2.676683903
Classroom,1.77575E+18,356.6091599,-0.33473292,0.314708829,-0.818430364,0.345085621,-2.590219021,0.887576222,-2.674775362
Classroom,1.77575E+18,358.7015269,-0.334820539,0.314299852,-0.818454981,0.345314831,-2.589456558,0.887851059,-2.676144838
Classroom,1.77575E+18,360.7940183,-0.335418224,0.315970123,-0.817849815,0.344643772,-2.589772463,0.887820244,-2.671923161
Classroom,1.77575E+18,362.8863269,-0.335063607,0.315451324,-0.818194449,0.344646037,-2.590155125,0.887296796,-2.672938824
Classroom,1.77575E+18,364.9788794,-0.334862053,0.315273136,-0.81831795,0.344711423,-2.590527296,0.887210667,-2.673202515
Classroom,1.77575E+18,367.0706689,-0.334860027,0.314952314,-0.818307579,0.345031261,-2.590150833,0.887686074,-2.67422843
Classroom,1.77575E+18,369.162468,-0.335015059,0.314943641,-0.817975819,0.345674992,-2.589736462,0.889138639,-2.674679518
Classroom,1.77575E+18,371.2543496,-0.335490525,0.316286892,-0.817613244,0.344844073,-2.589982748,0.888490319,-2.67117691
Classroom,1.77575E+18,373.345926,-0.335501075,0.316007912,-0.817796588,0.344654799,-2.589577198,0.887913883,-2.671929598
Classroom,1.77575E+18,375.437655,-0.335455775,0.315475494,-0.81792897,0.344872236,-2.589048386,0.888010681,-2.673471212
Classroom,1.77575E+18,377.5295061,-0.336030364,0.315466642,-0.817610383,0.345076203,-2.587356806,0.888756573,-2.674337864
Classroom,1.77575E+18,379.6214897,-0.335734904,0.315022945,-0.817976236,0.344902307,-2.587648153,0.887937963,-2.675155401
Classroom,1.77575E+18,381.7133408,-0.335175782,0.314554214,-0.818312407,0.345076561,-2.588713884,0.887701154,-2.675810099
Classroom,1.77575E+18,383.8054976,-0.335234433,0.314774513,-0.818190098,0.345108628,-2.588824987,0.887943029,-2.675267458
Classroom,1.77575E+18,385.8978677,-0.335164517,0.314659089,-0.818219304,0.3452124,-2.588891983,0.888051689,-2.675540209
Classroom,1.77575E+18,387.990238,-0.335185409,0.314900815,-0.818157494,0.345118135,-2.589131832,0.888017297,-2.674842119
Classroom,1.77575E+18,390.0830647,-0.335008949,0.314356744,-0.818295479,0.34545821,-2.588984489,0.888296485,-2.676283598
Classroom,1.77575E+18,392.17574,-0.335008502,0.314117998,-0.818363607,0.345514357,-2.588684797,0.888262868,-2.67698741
Classroom,1.77575E+18,394.2679883,-0.334371984,0.312891275,-0.818873644,0.346035361,-2.589035988,0.888239682,-2.67983222
Classroom,1.77575E+18,396.3604497,-0.334544808,0.3136608,-0.818615794,0.345781744,-2.589490652,0.888286293,-2.677768707
Classroom,1.77575E+18,398.4530029,-0.335042596,0.314538747,-0.818246007,0.345377177,-2.589111567,0.888258994,-2.675778389
Classroom,1.77575E+18,400.5450986,-0.335354328,0.314766943,-0.81809783,0.345217705,-2.588469982,0.888236582,-2.67548728
Classroom,1.77575E+18,402.6371526,-0.335558057,0.315167606,-0.817979217,0.344935149,-2.588357687,0.888003588,-2.674514055
Classroom,1.77575E+18,404.7294307,-0.335848927,0.315616846,-0.817855835,0.344533503,-2.588039875,0.887596369,-2.67347765
Classroom,1.77575E+18,406.8215869,-0.335765898,0.315877885,-0.817754924,0.344614744,-2.588625669,0.887891352,-2.672644377
Classroom,1.77575E+18,408.9136514,-0.335625798,0.31598103,-0.817718923,0.344742358,-2.589182615,0.888152301,-2.672203541
Classroom,1.77575E+18,411.0057163,-0.335761905,0.315434515,-0.817697227,0.3451612,-2.588115931,0.888769209,-2.674098253
Classroom,1.77575E+18,413.0976665,-0.335015476,0.314614952,-0.81824851,0.345327973,-2.589285135,0.888187945,-2.675506353
Classroom,1.77575E+18,415.1897302,-0.335258693,0.31499508,-0.818066061,0.345177859,-2.589041233,0.888245583,-2.674690247
Classroom,1.77575E+18,417.2817939,-0.333783269,0.312055022,-0.819276631,0.34640485,-2.589733124,0.888172626,-2.681567669
Classroom,1.77575E+18,419.3739797,-0.334061146,0.312848121,-0.819077909,0.345890969,-2.589888096,0.88773495,-2.679488182
Classroom,1.77575E+18,421.4660435,-0.334570706,0.313497365,-0.81879282,0.34548533,-2.5891819,0.887563527,-2.678170204
Classroom,1.77575E+18,423.5582112,-0.335528463,0.315535188,-0.817985117,0.344613582,-2.58888793,0.887537718,-2.673309565
Classroom,1.77575E+18,425.6500605,-0.335713625,0.316048175,-0.81774509,0.344532907,-2.588990688,0.887797415,-2.672057629
Classroom,1.77575E+18,427.7417271,-0.335416466,0.316699475,-0.817785561,0.344127834,-2.590662956,0.887186766,-2.669653893
Classroom,1.77575E+18,429.8333933,-0.335517645,0.316826671,-0.817718625,0.344071418,-2.590522528,0.887204349,-2.669404984
Classroom,1.77575E+18,431.9253342,-0.33495757,0.315825731,-0.818027377,0.344802737,-2.590960741,0.88781178,-2.671773911
Classroom,1.77575E+18,434.0170615,-0.335515618,0.31663838,-0.817641199,0.344430417,-2.590321064,0.887847662,-2.670062304
Classroom,1.77575E+18,436.1089402,-0.33553198,0.316821277,-0.817640841,0.344247282,-2.590489864,0.887583613,-2.669497967
Classroom,1.77575E+18,438.2008521,-0.337397695,0.319372177,-0.816333055,0.343168586,-2.588150024,0.88796705,-2.664304495
Classroom,1.77575E+18,440.2930994,-0.337164283,0.320171326,-0.816243708,0.342865437,-2.589830637,0.887703359,-2.661594391
Classroom,1.77575E+18,442.3855601,-0.337182224,0.319835901,-0.816339016,0.342934161,-2.589355469,0.887644529,-2.662606001
Classroom,1.77575E+18,444.4778987,-0.336384505,0.318006635,-0.817122102,0.343553185,-2.589426994,0.887340128,-2.667002439
Classroom,1.77575E+18,446.5703911,-0.335758746,0.316903532,-0.817602396,0.344041526,-2.589907169,0.887324035,-2.669496775
Classroom,1.77575E+18,448.6631887,-0.336080015,0.317007095,-0.817336857,0.344263464,-2.589112997,0.888042152,-2.669703245
Classroom,1.77575E+18,450.7559863,-0.335747838,0.316408962,-0.817613065,0.344481796,-2.589346886,0.887938976,-2.671050072
Classroom,1.77575E+18,452.8481128,-0.3360883,0.316986203,-0.817414165,0.344090819,-2.589045525,0.887665272,-2.669716597
Classroom,1.77575E+18,454.9401782,-0.336119235,0.316542685,-0.817580044,0.344075114,-2.588386059,0.887364209,-2.671026707
Classroom,1.77575E+18,457.0323989,-0.335750788,0.316461086,-0.817692697,0.344241887,-2.589383364,0.887462795,-2.670823812
Classroom,1.77575E+18,459.1242813,-0.335454553,0.316338092,-0.817873001,0.344215661,-2.590097189,0.887163758,-2.670771837
Classroom,1.77575E+18,461.2158584,-0.335638404,0.31660068,-0.817736268,0.344119579,-2.589881897,0.887229264,-2.670231581
Classroom,1.77575E+18,463.3078628,-0.335591286,0.316314489,-0.817824543,0.344219059,-2.589664221,0.887231708,-2.671023607
Classroom,1.77575E+18,465.4001724,-0.335499197,0.315729678,-0.81793189,0.344590396,-2.589221001,0.887597024,-2.67270422
Classroom,1.77575E+18,467.4923477,-0.336347431,0.31747517,-0.817146659,0.344022244,-2.588900805,0.88797754,-2.668635607
Classroom,1.77575E+18,469.5843516,-0.336353332,0.317426234,-0.817178905,0.343985051,-2.58881712,0.887870133,-2.668771744
Classroom,1.77575E+18,471.6768743,-0.335881174,0.316589326,-0.817457855,0.344554424,-2.58919096,0.888283432,-2.670734644
Classroom,1.77575E+18,473.7690613,-0.335895777,0.31647563,-0.817535222,0.344460815,-2.588993549,0.888018966,-2.671049356
Classroom,1.77575E+18,475.8613398,-0.336339086,0.315458417,-0.817504048,0.345034927,-2.586430311,0.888833344,-2.674762487
Classroom,1.77575E+18,477.9535588,-0.335252047,0.315867364,-0.817895234,0.34479177,-2.590144157,0.887978017,-2.672045231
Classroom,1.77575E+18,480.0456543,-0.335642546,0.315727413,-0.817739427,0.34490937,-2.588822365,0.888354599,-2.673010826
Classroom,1.77575E+18,482.1380244,-0.33518225,0.315407217,-0.817957401,0.345133126,-2.589790821,0.888372302,-2.673388481
Classroom,1.77575E+18,484.2305776,-0.335442096,0.315499753,-0.817963779,0.344780743,-2.589111805,0.887823641,-2.673352242
Classroom,1.77575E+18,486.3229175,-0.334900022,0.315699607,-0.818206787,0.344548285,-2.590945959,0.887156785,-2.671974421
Classroom,1.77575E+18,488.4151045,-0.33458963,0.315155953,-0.818391979,0.344907463,-2.591197968,0.887403488,-2.673239946
Classroom,1.77575E+18,490.5074746,-0.3337937,0.313243598,-0.81915313,0.345613211,-2.591161013,0.887249708,-2.677900076
Classroom,1.77575E+18,492.5999365,-0.333667725,0.313333392,-0.819142103,0.345679611,-2.591652632,0.887379766,-2.677496195
Classroom,1.77575E+18,494.6924592,-0.333436966,0.313158602,-0.819255948,0.345790893,-2.592118979,0.887379706,-2.67772603
Classroom,1.77575E+18,496.7849209,-0.333566397,0.313103437,-0.819212317,0.345819175,-2.591668844,0.887475312,-2.678067446
Classroom,1.77575E+18,498.8774436,-0.333511859,0.312791824,-0.819265306,0.346028328,-2.591448069,0.887692928,-2.67895937
Classroom,1.77575E+18,500.9693257,-0.333374172,0.312649935,-0.819444358,0.34586513,-2.591660023,0.887179315,-2.679126024
Classroom,1.77575E+18,503.0620313,-0.333374649,0.31250149,-0.819453061,0.345978171,-2.591477871,0.887325883,-2.67959094
Classroom,1.77575E+18,505.1547068,-0.334336132,0.312183678,-0.819010675,0.346384376,-2.588262081,0.888510823,-2.681935549
Classroom,1.77575E+18,507.2470308,0.943356395,0.242618933,0.18707417,0.127350301,-0.344181389,-0.529845655,-2.967460394
Classroom,1.77575E+18,509.3390957,0.886145949,0.221803814,0.067297816,0.401272237,0.0657124,-0.463532448,-2.275671482
Classroom,1.77575E+18,511.4312222,0.899803519,0.206606805,0.07429374,0.377024859,0.024444619,-0.442093074,-2.342530489
